"","d1","d2","d3","d4","d5","d6","d7","d8","d9","d10","d11","d12","d13","d14","d15","d16","d17","d18","d19","d20","d21","d22","d23","d24","d25","d26","d27","d28","d29","d30","d31"
"1",141.55,152.87,153.77,166.07,165.89,178.17,235.67,273.85,326.07,366.49,403.09,425,400.52,371.07,368.09,347.49,314.56,315.34,306.95,242.02,145.49,61.43,37.28,129.11,234.06,274.36,318.67,330.81,360.73,369.39,165.07
"2",179.6,215.89,237.65,273.55,271.24,294.13,391.64,441.94,490.1,535.37,571.98,582.12,558.57,554.01,605.69,615.93,541.51,408.32,309.28,198.28,132.22,36.15,33.45,117.94,285.08,407.69,486.15,533.21,576.05,632.52,240.61
"3",116,143.52,151.26,162.56,160.29,169.61,235.65,260.13,296.56,325.81,362.02,408.31,402.41,394.49,416.25,418.72,322.94,213.57,143.32,85.65,35.33,27.28,22.6,84.85,226.62,304.08,333.62,371.27,391.41,415.63,242.37
"4",190.92,226.07,251.98,274.5,278.7,296.22,388.08,436.77,529.67,547.8,586.86,605.18,571.76,538.87,563.02,553.43,501.42,420.73,280.76,214.24,109.81,47.92,32.66,93.72,188.3,295.47,374.78,433,469.69,514.46,373.37
"5",163.46,203.35,228.92,262.05,275.11,299.87,400.14,469.46,569.43,639.93,712.41,787.17,767.65,773.31,839.76,790.24,591.75,613.74,446.78,380.31,239.81,52.19,27.11,229.26,592.74,736.44,792.19,821.54,857.14,916.93,302.18
"6",131.72,160.44,173.72,185.93,190.73,207.64,280.35,322.68,366.11,411.67,446.64,472.71,453.13,421.86,460.66,472.63,429.48,335.67,222.09,164.58,88.97,25.83,22.73,107.75,271.03,356.03,403.61,434.98,452.37,486.64,240.94
"7",105.71,123.69,134.73,149.38,151.89,167.8,228.37,271.93,336.67,399.27,433.86,456.66,454.53,445.84,488.75,494.68,432.32,331.86,239.03,166.06,88.73,23.71,23.29,132.44,318.74,421.45,461.18,500.07,521.6,558.88,304.69
"8",157.14,189.62,216.8,258,262.87,284.15,377.62,428.08,487.42,525.41,567.19,592.11,570.2,554.89,582.63,540.11,448.29,385.26,285.11,207.02,139.38,25.98,18.61,115.72,312.04,469.68,550.53,582.56,619.77,657.57,468.98
"9",90.81,88.07,114.06,110.74,114.18,122.56,170.84,201.95,248.14,289.69,321.57,374.09,364.04,363.46,418.09,415.12,359.56,289.74,162.23,89.61,33.73,19.39,17.13,120.03,270.58,314.57,341.03,344.44,361.39,390.85,208.81
"10",132.35,165.07,188.55,223.56,237.95,260.88,363.37,425.61,518.49,598.29,656.19,715.99,717.18,695.13,754.22,728.59,622.45,578.37,440.31,358.03,202.9,68.97,22.52,125.07,343.37,520.9,601.29,637.95,689.29,740.88,335.07
"11",189.69,227.78,264.21,307.18,311.4,341.67,462.63,590.27,587.41,630.35,692.09,753.05,734.11,709.71,748.5,727.17,657.25,636.51,550.27,432.92,310.3,88.43,39.24,51.43,76.17,185.34,312.43,417.79,456.19,491.81,388.44
"12",115.17,138.7,155.71,177.06,184.19,95.3,289.7,327.83,387.93,450.06,497.65,528.2,521.72,507.35,559.76,496.94,399.6,301.93,183.72,132.52,62.87,30.51,26.28,134.28,420.63,512.18,554.18,586.42,629.77,668.67,230.51
"13",75.67,91.67,100.39,114.69,120.18,135.63,190.91,234.78,295.97,326.23,374.72,426.52,413.51,406.73,444.21,440.41,366.33,252.66,138.06,71.22,19.65,15.34,14.08,70.31,225.67,337.6,377.28,407.66,437.89,488.32,268.94
"14",73.06,76.07,100,100.13,108.15,120.76,180.43,213.59,265.12,297.67,345.65,346.44,341.79,367.64,417.73,425.66,379.3,262.81,140.45,82.21,26.5,15.51,13.9,83.56,280.42,386.38,436.14,469.3,505.28,533.54,287.57
"15",76.13,90.19,98.29,104.77,114.16,125.43,180.13,227.1,292.29,323.13,372.47,416.03,405.27,397.1,425.65,370.91,240.5,146.4,85.31,37.14,19.42,14.36,14.02,73.4,223.12,341.77,394.63,408.34,558.83,465.66,340.5
"16",38.3,42.89,39.09,49.25,44.31,47.85,67.69,87,98.82,128.99,136.46,138.15,111.8,30.41,57.06,120.98,54.55,13.44,17.29,23.87,21.05,21.8,17.71,16.78,74.24,91.95,100.16,112.67,128.88,135.22,82.28
"17",154.54,201.03,228.19,257.29,284.22,305.98,406.17,443.29,498.33,634.57,690.81,734.28,736.7,705.47,721.63,684.7,516.63,535.71,409.17,339.73,215.76,48.9,20.67,179.02,460.05,574.29,622.62,650.02,682.52,742.28,389.72
"18",86.71,110.44,128.87,150.71,163.58,179.98,259.36,310.43,400.89,459.92,521.71,565.55,566.99,551.92,607.78,594.5,537.77,437.19,299.5,218.03,131.87,28.48,20.09,141.07,362.73,469.58,523.96,565.24,587.73,632.55,502.72
"19",113.93,132.45,143.45,156.03,156.86,168.42,237.67,275.61,317.03,374.55,426.82,471.7,482.19,457.79,510.67,462.7,339.09,242.45,154.03,105.96,65.04,25.45,24.01,167.93,410.25,496.02,513.76,540.1,571.42,611.04,404.02
"20",203.61,249.35,285.03,324.51,343.61,364.99,494.4,492.22,629.36,685.49,745.07,766.78,750.45,714.22,728.19,255.66,209.08,247.64,189.29,159.26,111.63,27.11,23.47,179.11,496.01,592.83,645.61,682.36,705.44,750.27,207.22
"21",68.15,80.44,92.29,107,114.4,127.77,175.83,218.37,268.3,318.94,357.15,385.77,377.34,368.31,411.86,398.85,275.48,170.03,98.78,48.08,17.95,13.59,14.19,112.87,300.91,357.97,383.57,397.22,422.99,437.07,254.81
"22",106.63,128.34,142.15,163.63,164.85,175.37,243.33,270.59,336.09,315.13,375.91,414.67,414.86,414.36,433.98,381.79,246.03,168.96,113.15,73.85,23.8,16.73,16.59,103.18,306.78,365.55,406.71,418.58,461.69,504.54,292.99
"23",148.18,180.16,198.82,221.18,229.3,250.06,341.57,391.37,479.66,530.8,573.08,605.7,587.28,559.52,597.67,559.39,469.58,375.2,273.4,198.27,126.15,26.01,22.65,140.09,419.68,540.08,597.92,633.89,665.99,709.31,245.92
"24",76.33,93.47,105.44,131.05,127.84,142.02,194.59,229.12,284.45,323.97,378.03,411.26,391.92,366.91,402.07,407.13,377.15,254.55,136.02,84.85,19.37,15.81,16.37,95.2,238.6,324.57,390.72,426.48,440.48,490.62,266.22
"25",208.89,253.75,282.45,311.32,328.62,357.37,489.84,550.88,653.4,722.1,784.49,822.52,793.47,732.57,706.06,570.73,601.26,495.01,431.59,327.69,237.8,32.2,27.91,218.77,591.14,775.18,841.84,880.87,916.39,968.93,663.15
"26",88.35,97.36,105.65,122.15,127.3,142.65,201.45,237.5,297.16,349.23,403.68,455.36,461.3,469.46,525.81,532.77,439.07,334.48,226.67,139.3,68.63,23,20.63,159.03,332.12,391.85,424.98,467.08,488.98,529.57,158.36
"27",170.13,203.64,242.03,267.85,277.89,296.43,390.57,408.52,592.48,594.38,626.37,664.76,653.43,620.92,686.65,636.84,573.33,521.41,408.13,303.09,222.42,35.01,21.39,164.79,385.83,513.98,577.84,638.48,655.53,692.64,463.46
"28",140.64,162.03,172.58,171.12,168.68,173.54,192.85,178.82,171.92,177.4,216.81,37.38,31.66,31.14,32.83,32.66,31.29,33,33.92,35,33.07,38,39.08,54.06,48.28,45.46,35.95,36.36,41.83,33.12,5732.94
"29",96.17,113.81,127.92,139.65,139.44,149.17,198.71,218.38,259.09,279.15,303.68,325.38,278.08,244.75,250.61,229.9,206.85,198.79,191.76,180.49,120.53,62.19,29.7,78.62,122.86,145.92,174.47,198.83,226.83,255.34,224.99
"30",100.29,115.9,122.75,132.92,136.13,135.41,182.66,239.86,267.04,271.93,307.82,360.97,325,287.74,304.85,311.38,303.39,241.52,138.17,90.01,42.28,26.69,22.7,91.18,246.01,297.06,324.13,337.81,362.11,399.32,166.15
"31",115.35,143.66,148.39,159.24,160.93,170.55,227.01,263.04,310.47,345.89,392.87,437.84,428.68,409.98,434.79,419.42,287.92,178.79,116.52,70.46,32.55,27.89,24.97,120.96,308.55,397.35,431.06,460.24,481.24,514.32,295.72
"32",135.23,168.24,198.83,223.84,232.12,242.11,346.58,410.89,459.62,507.64,547.48,604.34,590.98,583.07,627.48,563.53,423.66,362.54,243.04,172.91,96.5,26.63,17.03,93.22,261.15,409.95,490.07,522.3,574.88,627.36,402.19
"33",136.83,157.42,171.63,186.49,184.36,203.81,263.89,280.06,331.88,364.25,409.83,446.67,446.01,434.23,443.26,447.09,347.16,244.78,84.27,53.89,40.46,27.31,26.12,79.8,227.86,355.66,407.09,439.2,483.24,512.38,348.43
"34",100.83,104.84,115.72,132.24,137.19,151.7,216.17,264.87,330.97,391.31,447.9,507.55,526.38,535.28,593.57,571.25,442.73,339.93,208.59,133.85,63.42,21.76,18.95,152.74,412.73,487.39,536.78,579.64,606.54,655.12,217.29
"35",79.66,94.59,104.08,119.03,124.21,137.17,194.13,234.59,300.46,335.55,391.8,435.79,419.27,397.56,427.41,412.59,314.53,188.78,89.75,53.29,30.84,19.93,17.85,41.85,67.71,198.11,72.17,78.45,90.86,97.26,180.5
"36",58.08,67.31,71.33,78.68,79.77,82.23,117.96,142.99,182.76,202.71,235.89,260.64,267.69,274.65,294.77,280.97,137.61,61.09,13.75,101.08,208.72,259.49,240.22,93.63,36.16,91.29,174.05,229.66,254.81,287.32,221.04
"37",69.65,73.1,76.7,78.85,78.23,82.3,156.25,132.03,161.06,189.26,228.27,264.14,258.01,261.56,297.27,303.87,217.84,99.12,31.96,28.82,143.2,311.32,361.21,223.37,29.73,149.15,274.51,326.71,342.39,381.8,272.28
"38",149.38,177.08,196.23,212.7,204.59,225.13,307.1,330.41,399.73,457.88,498.45,525.83,502.67,444.83,415.95,312.07,157.19,86.01,67.71,57.4,44.57,45.84,40.71,61.66,40.21,35.15,36.4,39.22,51.39,40.76,125.33
"39",222.29,268.83,294.76,334.1,333.94,361.12,480.25,549.29,610.41,703.54,759.18,793.53,769.6,733.4,767.81,732.64,532.73,565.8,417.99,352.91,222.09,53.19,27.99,151.73,364.6,516.5,600.57,637.8,667.42,723.11,459.69
"40",190.01,228.84,263.04,295.2,297.78,310.99,412.96,453.55,537.06,529.27,570.75,574.27,535.04,504.3,549.79,531.13,448.02,353.64,256.63,178.02,120.33,21.37,19.3,97.41,246.63,368.32,448.25,495.39,537.94,596.28,477
"41",192.74,235.98,267.39,303.69,310.72,332.5,414.08,361.5,307.43,299.41,269.84,279.43,245.8,225.59,252.77,193.18,100.58,65.83,22.78,92.72,182.1,287.52,154.27,22.49,15.22,88.27,190.66,277.38,322.35,349.95,302.53
"42",126.02,146.7,167.6,177.11,182.29,204.97,299.62,342.74,396.34,473.79,531.2,518.49,458.9,547.09,677.67,533.3,475.99,351.55,272.25,187.1,119.79,25.65,22.79,180.28,417.78,485.82,519.75,549.46,580.07,619.89,256.24
"43",85.14,NA,119.58,144.65,148.71,174.04,232.53,278.24,310.1,366.83,390.14,403.64,366.27,332.48,348.35,353.56,317.3,226.4,129.1,71.81,13.49,14.21,16.05,51.79,120.82,208.96,259.43,298.65,325.18,350.61,217.33
"44",90.83,80.7,81.28,87.71,85.99,97.79,129.5,156.29,208.76,216.82,259.83,290.82,272.4,266.91,273.77,215.7,96.25,51.26,36.61,30.56,77.27,121.51,123.08,106.65,108.79,123.35,146.2,208.34,238.55,263.39,206.21
"45",42.13,56.73,56.82,71.26,72.07,78.27,109.77,153.8,177.13,220.59,248.23,286.59,313.96,161.59,41.35,5.68,71.65,200.14,206.6,35.76,93.86,243.84,98.96,1.15,NA,74.33,160.93,239.8,279.44,300.14,121.22
"46",216,266.1,312.72,342.35,356.87,385.72,517.11,541.88,610.94,708.98,749.68,781.2,745.68,671.19,703.22,697.24,633.26,597.98,489.37,381.33,275.88,47.07,30.87,138.85,263.97,375.83,465.87,510.11,555.13,581.85,295.9
"47",108.72,130.14,143.89,166.16,175.56,196.28,271.83,317.34,386.21,437.4,488.96,528,528.39,517.33,490.67,344.52,243.08,176.41,108.88,53.28,27.08,18.94,16.39,143.65,327.63,418.86,455.81,479.52,501.47,526.04,327.24
"48",141.84,167.74,187.43,203.77,206.32,213.07,282.02,293.69,328.45,313.41,282.23,284.93,238.83,216.54,224.57,211.73,113.82,72.37,37.39,34.59,84.32,157.32,203.65,192.67,81.14,117.78,205.34,233.18,272.72,284.64,240.03
"49",123.74,149.72,167.44,190.52,201.21,219.38,302.99,361.54,431.02,457.84,507.55,540.6,543.36,540.23,592.17,605.59,548.82,447.23,310.93,224.73,135.78,27.43,23.41,132.67,299.85,419.06,494.18,539.65,581.17,621.57,455.14
"50",49.05,52.13,56.07,54.39,65.82,54.58,74.34,82.94,108.3,120.54,148.56,156.95,139.79,139.32,153.1,160.26,160.52,167.25,86.06,44.38,16.38,12.64,12.95,47.16,58.13,67.71,84.97,109.55,132.53,140.21,116.47
"51",88.93,75.36,100.79,110.52,80.88,95.29,146.46,167.2,222.25,226.21,298.95,274.23,317.51,338.71,370.14,262.12,123.63,19.07,112.11,227.21,270.4,292.3,59.91,11.05,126.78,229.75,248.95,335.27,380.2,416.97,81.97
"52",73.44,92.09,95.36,109.95,125.82,125.22,178.13,222.84,280.64,323.87,378.32,416.16,415.81,401.57,450.81,396.35,261.7,167.75,90.8,46.46,20.58,16.98,12.5,79.2,186.69,277.23,330.08,363.29,398.03,434.13,264.23
"53",72.25,84.61,94.72,104.86,107.47,114.11,162.17,197.01,228.72,290.77,331.11,379.49,370.19,356.13,400.36,396.6,273.04,179.53,118.06,82.32,53.8,20.42,15.79,90.74,196.04,265.76,309.23,321.58,362.22,389.37,231.31
"54",95.72,94.37,101.37,114.92,117.44,129.07,170.44,197.86,242.81,287.46,338.18,386.4,377.46,361.45,392.06,391.65,328.82,220.28,146.4,106.47,38.37,20.97,17.85,93.75,219.09,312.02,367.05,409.68,453.93,480.87,306.76
"55",156.46,186.35,206.18,219.58,222.93,234.61,302.08,351.72,345.85,390.54,426.56,477.23,460.05,446.85,481.48,451.14,335,239.15,148.17,91.58,56.05,29.43,19.51,93.08,180.97,209.56,244.1,294.7,315.26,355.55,203.39
"56",94.8,119.48,135.62,155.09,166.83,183.07,250.28,300.06,368.16,404.17,466.36,494.74,505.58,536.49,564.49,483.23,355.17,242.05,150.64,93.42,29,17.26,15.75,115.68,308.58,439.51,505.73,532.15,556.81,612.29,326.4
"57",88.91,107.64,125.32,135.94,145.31,155.14,212.51,241.13,293.79,316.67,331.71,327.92,294.33,272.41,292.05,300.79,294.38,284.21,178.25,111.56,60.25,15.83,13.29,75.14,154.7,224.55,282.48,316.87,348.98,375.12,252.05
"58",101.34,116.25,130.02,138.88,141.56,158.17,205.98,229.52,279.2,301.85,327.54,317.45,243.78,193.87,162.53,146,126.01,120.83,113.47,102.29,74.26,70.37,58.59,44.66,88.41,88.92,101.94,75.27,69.02,83.08,124.46
"59",100.71,126.91,126.55,152.17,148.77,166.11,228.41,270.59,310.8,358,402.93,450.15,468.83,469.96,528.19,513.75,389.37,292.5,186.57,118.8,58.36,20.52,17.38,108.18,277.9,375.13,425.66,470.94,522.42,566.54,222.53
"60",39.43,50.51,50,64.07,62.8,69.72,95.94,91.46,134.87,170.97,185.37,206.59,372.65,176.46,45.33,10.86,58.87,118.35,299.56,185.5,28.76,28.76,22.89,65.93,126.11,153.3,159.24,173.26,188.48,192.73,213.91
"61",99.15,124.04,142.77,179.08,190.11,207.22,297.01,351.76,436.01,460.09,542.07,585.71,597.74,579.4,627.07,602.56,499.61,403.52,292.97,205.91,139.93,23.21,19.88,111,262.15,377.01,453.17,494.81,539.26,591.6,425
"62",122.77,136.34,145.68,146.31,144.53,151.72,206.6,229.01,259.9,288.96,307.93,332.46,319.15,306.08,352.89,345.6,294.07,205.61,127.9,90.49,48.01,29.51,26.94,89.29,187.01,230.71,274.23,297.57,320.97,345.32,252.43
"63",178.13,210.81,230.72,253.1,258.07,288.28,396.1,426.81,455.15,503.19,540.32,562.13,523.04,484.54,520.42,511.13,435.05,357.05,282.02,209.8,114.02,60.81,27.23,90.74,167.2,203.15,228.85,269.37,316.9,379.74,190.52
"64",135.11,154.41,172.48,193.14,197.17,210.4,275.02,326.34,381.48,395.51,445.06,490.48,487.86,452.46,483.1,447.63,347.88,247.64,160.39,117.74,72.63,35.08,23.97,123.35,199.57,244.92,293.9,324.37,361.52,381.42,253.98
"65",87.47,106.8,121.75,137.64,146.23,156.36,229.04,269.95,329.87,397.04,445.06,488.77,465.99,450.43,483.26,447.4,330.67,237.29,155.62,98.51,51.46,21.04,17.94,118.99,290.39,406.66,446.15,445.31,471.16,511.66,355.36
"66",128.38,150.66,166.47,180.97,194.69,200.31,273.58,305.53,375.2,427.37,482.11,522.96,520.9,500.48,521.75,404.83,271.32,211.28,136.68,95.67,54.83,34.6,30.2,259.12,502.4,561.37,594.5,604.03,633.34,679.05,444
"67",79.22,96.47,102.66,115.32,117.91,128.77,184.44,225.85,288.53,351.79,392.23,431.69,427.79,433.87,480,459.95,321.2,211.84,113.6,56.45,24.05,18.34,18.02,126.38,347.63,424.97,469.77,491.84,517.78,554.77,186.29
"68",60.75,77.17,83.06,95.27,100.4,111.74,153.07,191.24,252.95,288.68,330.33,368.38,356.25,362.33,414.97,434.32,423.71,312.07,162.4,90.98,39.24,19.56,16.48,109.92,281.27,366.68,411.82,442.84,463.28,514.41,284.89
"69",70.2,82.67,98.26,110.74,120.06,134.9,195.96,246.72,313.56,320.84,364.42,397.2,352.84,299.74,317.27,305.64,237.96,171.45,113.66,71.97,26.06,11.11,11.58,68.58,167.36,250.82,290.2,315.61,337.27,382.88,261.27
"70",90.16,107.11,122.94,135.03,141.2,155.51,216.73,253.22,305.31,365.49,415.04,449.28,449.27,426.2,476.59,481.96,407.93,298.45,194.44,132.9,72.02,30.12,28.77,215.73,407.07,472.14,510.41,527.2,550.54,583.37,411.15
"71",100.98,96.16,99.21,97.05,101.66,114.73,158.45,184.9,232.37,258.27,284.46,324.08,308.56,310.16,349.77,271.29,115.93,57.93,22,131.58,267.42,396.45,145.95,24.5,14.49,109.54,176.05,182.73,150.79,139.34,175.46
"72",96.08,107.47,117.06,137.66,143.77,150.93,199.78,212.97,229.33,260.15,288.7,304.79,294.51,287.72,294.06,286.79,129.42,46.1,31.81,22.31,71.37,194.3,273.38,207.25,39.84,165.8,263.68,295.28,326.84,352.14,189.09
"73",71.4,84.19,86.51,98.47,107.24,105.73,148.98,180.04,225.64,245.35,288.51,320.35,298.2,292.94,282.48,67.07,46.49,28.01,11.99,71.21,168.93,261.12,261.16,65.31,10.05,99.39,204.61,270.06,315.37,363.97,245.18
"74",120.02,149.08,163.43,192.57,199.8,226.05,314.73,358.6,417.73,507.09,534.49,566,579.24,513.13,570.78,529.66,412.77,347.04,247.84,177.93,105.08,12.64,1.13,75.37,222.19,385.19,489.17,543.56,593.99,617.01,456.16
"75",101.7,124.63,139.41,158.21,157.87,177.39,251.43,296.4,353.13,390.38,433.05,493.4,484.71,472.77,527.77,198.27,125.38,124.95,83.5,58.5,37.83,28.34,25.97,75.42,134.45,139.17,156.57,264.26,322.76,356.06,133.75
"76",81.4,103.42,123.27,142.2,152.3,172.69,249.68,305.07,373.2,416.85,475.43,534.24,512.22,480.11,418.84,293.26,280.21,199.63,130.39,77.35,37,23.77,18.34,157.85,379.34,459.14,486.96,503.05,527.4,566.76,333.58
"77",68.95,80.67,91.92,114.35,120.18,133.34,190.94,220.18,276.51,331.95,396.18,460.16,481.19,476.12,539.81,365.85,226.63,159.68,99.96,56.53,20.57,13.96,13.26,110.77,334.37,437.64,487.19,530.06,552.6,597.99,274.01
"78",160.63,196.51,223.28,255.95,268.98,292.8,406.76,483.98,582.23,621.53,664.61,665.01,620.9,561.4,611.56,599.67,563.03,527.1,400.41,338.1,195.4,81.74,27.98,25.02,84.14,164.53,259.55,326.72,362.67,411.75,402.28
"79",166.84,198.34,227.2,258.36,271.36,300.83,413.21,479.53,573.1,641.87,690.54,711.76,687.7,625.79,646.7,628.26,577.93,523.78,429.42,343.32,237.91,50.86,29.54,144.28,347.75,461.15,519.33,558.66,580.3,609.73,212.38
"80",51.16,55.85,60.73,64.94,81.37,74.13,101.94,122.05,170.65,191.64,227.96,262.04,280.19,299.17,331.13,287,133.79,46.14,14.19,105.37,251.41,390.23,465.74,433.57,483.72,473.86,498.76,486.63,506.04,552.05,253.14
"81",61.14,74.94,102.33,104.01,120.1,124.42,176.15,221.65,287.31,337.45,401.04,465.54,485.78,477.02,530.65,516.38,406.21,283.81,173,106.06,46.43,17.17,14.8,139.84,390.24,485.82,520.05,541.05,558.41,607.58,307.12
"82",44.95,60.01,64.19,75.98,83.43,90.88,121.52,NA,205.45,236.13,255.76,271.27,280.46,270.07,155.48,68.03,23.13,15.72,71.62,238.05,227.04,300.13,340.98,302.82,294.2,274.93,276.62,273.63,297.9,318.63,187.11
"83",84.61,105.24,112.11,128.18,134.44,154.27,205.05,236.94,258.82,261.76,248.36,198.68,138.09,143.87,163.01,174.54,165.11,173.54,171.71,120.45,55.38,40.78,23.56,72.84,130.55,167.46,204.69,235.22,251.04,249.01,155.93
"84",94.11,111.82,123.97,138.74,141.06,156.93,211.91,247.76,304.86,337.23,384.82,415.97,417.96,419.46,466.58,459.18,357.54,252.56,149.32,98.3,27.13,22.47,19.33,133.47,345.54,404.62,405.71,404.99,370.16,273.85,224.62
"85",91.32,109.51,119.05,138.3,141.7,149.68,215.03,245.61,306.17,360.83,411.14,466.27,483.81,485.38,526.67,508.18,369.88,257.58,159.34,97.31,40.08,20.3,17.47,132.26,343.31,430.15,463.48,488.46,529.72,576.31,331.31
"86",164.74,189.69,206.86,218.22,212.6,225.69,290.77,332.63,378.54,383.65,404.59,425.89,395.36,372.02,344.38,253.43,185.27,145.91,99.94,96.28,86.31,62.69,99.5,309.29,407.72,407.7,427.52,471.8,496.56,521.87,167.26
"87",65.02,84.18,91.96,105.5,112.07,122.09,166.83,199.93,242.76,260.51,295.07,325.7,322.14,338.58,366.04,190.04,98.09,53.74,12.25,83.4,220.63,380.94,454.7,443.96,475.01,454.38,463.19,462.88,468.22,493.97,294.68
"88",206.62,253.43,287.16,309.33,295.59,292.89,371.67,394.48,438.77,447.39,479.36,491.07,458.06,427.59,461.08,417.53,341.94,280.97,178.62,117.8,55.79,22.48,20.62,99.05,189.41,267.59,318.9,352.08,375.56,411.77,355.72
"89",160.83,198.22,223.85,246.65,245.51,262.54,348.65,394.52,459.19,540.74,585.82,599.79,573.94,547.21,570.57,539.26,434.54,357.45,253.63,176.28,114.97,25.16,24.02,90.03,202.11,334.79,419.66,468.14,506.91,551.54,401.06
"90",197.12,242.7,273.03,294.53,294.61,318.35,408.8,456.34,526.12,603.16,654.02,681.92,649.5,587.99,642.22,658.22,634.42,575.55,455.98,360.64,246.17,38.85,25.84,169.15,404.07,529.31,585.91,627.74,656.38,675.42,335.04
"91",200.53,246.11,280.58,315.05,325.91,357.32,484.7,526.81,563.29,534.64,360.12,235.94,173.72,136.12,130.62,119.3,104.02,101.14,98.9,99.16,87.28,99.47,100.24,80.16,69.58,61.44,115.83,127.24,132.7,134.89,212.47
"92",95.79,121.7,134.07,154,157.79,170.65,252.18,304.12,382.07,399.01,451.01,479.57,490.46,480.48,528.31,453.54,327,234.25,159.04,109.14,54.81,15.88,8.75,100.98,254.83,368.24,434.89,474.05,503.12,528.82,410.31
"93",119.76,155.95,184.2,206.56,219.11,247.21,338.21,389.46,482.3,489.29,545.42,593.99,548,520.84,578.44,549.06,483.89,403.31,278.07,201.63,123.05,27.23,21.01,98.76,208.9,323.66,400.12,452.76,489.73,551.8,490.43
"94",147.06,189.72,216.11,237.97,242.48,277.49,387.68,414.15,484.98,533.06,576.18,643.28,638.67,610.6,623.85,534.21,366.16,351.45,250.92,198.51,134.07,39.06,32.83,274.79,593.19,647.52,679.61,665.85,696.66,707.49,226.33
"95",114.09,133.63,150.33,171.46,178.58,200.36,264.65,303.37,343.06,420.8,456.96,477.94,468.98,457.78,473.85,470.33,378.78,275.29,170.73,113.9,63.3,27.5,16.02,75.23,145.75,190.31,243.52,291.52,342.47,399.09,253.39
"96",110.61,132.69,143.88,159.96,166.86,176.58,250.46,278.37,347.34,384.56,454.79,492.87,490.87,474.4,522.08,462.47,336.33,232.78,150.55,20.92,15.8,17.99,17.53,83.01,226.7,379.78,487.43,553.56,590.21,619.11,388.91
"97",125.1,162.69,181.96,199.59,203.05,217.78,291.71,333.86,386.64,432.2,480.86,514.01,499.74,482.55,510.83,506.43,395.1,290.73,179.14,117.75,59.62,34.72,28.57,267.1,489.86,525.09,545.58,554.07,559.25,588.58,198.53
"98",53.33,64.8,73.05,85.56,88.38,94.85,131.01,150.69,198.16,226.57,263.35,278.44,278.09,259.95,296.24,262.13,114.73,34.64,12.45,127.03,265.96,383.43,429.62,385.15,406.75,382.11,390.28,398.87,407.33,454.53,209.93
"99",154.43,184.89,202.03,231.35,231.4,247.26,339.96,389.13,435.16,465.59,498.36,511.9,490.04,482.8,520.44,505.48,409.98,286.64,183.48,124.03,62.43,28.23,20.81,175.67,424.65,489.97,522.01,530.06,556.37,588.2,448.83
"100",163.51,191.18,227.02,243.22,246.5,270.2,364.83,425.36,525.98,563.93,609.51,629.06,610.42,579.5,613.85,611.34,594.18,571.81,469.61,399.32,303.53,59.57,33.11,161.7,355.31,449.22,508.99,529.41,557.28,565.82,180.78
"101",121.93,141.94,152.52,160.63,178.11,183.13,250.36,283.02,328.72,381.48,403.56,440.32,453.98,450.5,483.14,486.42,410.67,341.49,238.46,178.72,102.28,23.4,18.57,127.9,263.9,342.68,380.26,395.31,422.66,399.88,234.96
"102",76.99,86.38,95.85,113.57,124.83,138.25,198.47,244.34,323.82,343.34,399.46,437.36,448.58,446.92,497.13,472.87,365.42,242.23,153.65,105.61,58.13,19.41,18.89,129.3,302.74,358.7,387.96,402.5,426.39,443.84,342.68
"103",66.64,77.55,84.13,87.34,86.9,98.5,129.45,149.67,198.71,229.09,269.54,303.46,311.19,310.29,325.43,268.09,126.53,87.57,43.86,12.81,83.48,232.61,327.63,336.11,400.34,388.11,404.04,425.81,420.35,435,276.01
"104",217.09,252.31,285.68,316.42,326.04,357.24,477.57,528.7,608.5,659.26,717.67,765.06,766.18,708.78,707.05,515.25,563.92,429.2,421.48,307.76,235.87,36.82,31.9,206.76,591.52,719.72,770.19,806.24,824.02,862.09,300.71
"105",128.97,145.75,162.37,189.8,192.27,207.39,273.05,308.89,399.3,451.18,504.59,543.49,539.6,538.05,610.41,625.81,585.73,491.08,348.93,259.92,166.97,42.49,39.76,160.15,398.26,516.93,559.1,582.22,606.92,653,443.34
"106",96.67,126.76,145.29,161.79,167.02,185.59,261.07,321.22,409.19,423.25,468.71,523.02,514.07,498.55,521.44,445.38,310.25,226.03,141.14,88.46,36.22,19.53,15.76,105.33,330.78,447.68,500.01,558.21,582.37,614.74,386.68
"107",95.4,106.58,97.93,93.67,116.15,133.13,164.63,221.47,245.7,252.03,320.49,364.13,368.18,363.15,394.73,375.03,345.92,261.36,137.43,70.84,33.87,13.34,11.88,62.64,173.58,249.87,297.8,327.34,350.85,389.31,268.48
"108",146.55,176.82,203.08,231.7,243.14,268.88,365.24,415.82,491.25,536.13,573.54,589.93,571.62,559.57,605.72,609.58,533.54,375.31,303.96,220.73,149.47,28.07,24.66,183.56,419.68,511.02,554.48,592.54,629.13,678.75,344.29
"109",40.38,57.14,47.26,47.17,50.94,59.37,69.9,79.32,99.51,101.82,104.07,109.01,82.44,71.14,68.12,60.88,52.8,54.92,56.86,56.56,48.84,56.52,61.93,68.33,94.55,81.7,79.7,86.12,110.04,111.59,93.53
"110",48.22,55.12,58.27,65.4,67.46,71.53,104.53,124.69,159.67,186.79,216.97,251.37,258.53,256.82,281.62,267.6,140.34,61.39,13.52,79.95,200.57,303.07,271.72,57.24,9.82,83.6,181.52,257.22,293.13,330.81,238.15
"111",115.23,137.86,156.56,182.36,193.78,218.35,297.36,333.93,376.95,456.04,503.17,559.7,564.98,546.79,739.11,644.62,593.89,490.38,345.48,244.73,155.02,31.68,28.13,238.01,495.93,545.23,564.25,587.28,609.53,651.95,224.37
"112",74.92,85.98,96.22,107.24,114.58,117.57,152.16,191.73,246.97,314.49,362.3,390.04,400.2,407.21,446.53,452.57,356.63,229.63,130.31,67.04,22,17.87,15.31,143.48,280.11,293.38,299.22,345.83,365.35,394.81,258.31
"113",105.94,128.09,143.96,161.96,176.02,188.09,266.18,316.85,400.3,412.03,465.59,517.58,514.72,541.82,561.64,434.94,289.46,215.57,135.11,86.97,43.34,20.69,18.68,199.38,412.29,464.19,495.05,543.82,579.68,610.55,374.38
"114",222.47,265.83,297.17,328.18,329.97,358.18,456.69,512.6,599.56,643.19,689.08,716.03,691.95,663.02,718.65,727.84,672.62,580.38,497.8,370.58,289.33,41.02,36.98,193.3,470.06,575.69,609.58,621.79,629.58,651.02,245.3
"115",133.38,164.3,186.14,211.9,229.56,247.5,335.84,403.36,480.3,513.69,571.44,612.33,600.49,599.77,645.94,560.71,412.79,369.81,269.34,209.67,117.95,24.99,20.87,206,510.77,613.81,651.14,660.24,681.63,728.14,420.7
"116",47.81,57.55,59.86,66.99,76.97,74.86,106.65,133.22,165.18,187.64,224.8,256.18,249.39,250.24,278.7,278.69,185.73,78.63,17.56,87.06,198.57,304.83,370.44,360.79,407.12,385.99,404.32,373.3,385.85,417.32,263.48
"117",41.07,47.23,56.56,68.09,70.5,74.62,113.27,135.18,166.01,170.4,200,233.55,243.47,248.8,270.81,183.36,37.08,88.11,207.9,285.07,271.45,108.18,18.45,8.78,94.29,206.48,412.21,324.05,349.53,385.71,238.58
"118",92.66,111.4,119.66,135.31,136.91,148.27,204.18,244.47,295.79,329.87,365.1,389.44,384.48,376.56,425.77,437.22,395.15,256.88,127.15,60.02,16.27,16.92,13.8,88.83,168.19,213,267.99,332.1,399.22,454.4,152.09
"119",166.99,194.8,216.55,252.47,254.99,269.12,362.61,412.75,497.54,446.32,484.94,827.39,472.36,440,332.84,203.34,150.78,97.63,60.22,40.02,21.86,18.01,17.12,93.69,164.59,182.74,224.51,296.33,358.42,409.91,282.33
"120",88.45,108.77,116.32,132.25,126.75,134.26,189.55,220.86,267.97,280.63,328.16,360.2,353.61,347.15,381.57,377.77,304.44,201.63,118.09,68.53,33.72,18.33,15.61,75.94,161.57,229.05,264.99,291.72,320.68,350.5,265.68
"121",91.81,96.46,105.4,108.07,111.57,117.28,167.81,198.58,253.45,265.14,288.03,314.16,319.29,317.86,345.68,207.73,85.96,29.64,11.24,70.95,161.88,242.71,297.29,322.41,370.79,NA,8534.46,397.85,414.74,952.91,346.85
"122",111.12,135.86,156.83,183.99,198.97,220.33,305.85,360.81,417.73,501.72,564.56,626.82,624.7,591.46,637.15,600.61,449.09,373.72,246.91,179.72,100.74,25.16,20.04,157.9,449.33,549.13,578.76,612.9,642.01,671.19,259.78
"123",78.16,73.75,92.29,80.51,94.99,89.23,131.44,152.22,165,195.69,229.92,264.66,254.67,260.33,282.71,270.04,143.23,42.64,15.18,74.97,186.41,309.65,361.79,333.96,343.2,317.25,321.55,346.52,365.57,389.25,221.67
"124",33.17,45.23,38.24,55.48,54.1,56.98,81.45,103.78,132.49,181.4,216.23,256.01,248.47,268.02,169.04,63.39,19.6,11.36,48.84,204.85,226.05,242.04,236.47,240.69,257.49,240.22,241.02,240.13,273.36,288.63,196.97
"125",58.69,76.64,81.48,94.85,90.67,97.31,158.94,186.08,232.08,303.68,353.51,395.67,365.74,345.87,364.76,367.52,330.37,265.19,147.46,80.66,27.04,14.17,12.78,61.34,190.64,291.24,332.96,339.6,372.62,399.84,289.29
"126",153.65,176.1,195.51,216.7,219.31,234.1,325.77,373.87,418.66,439.27,490.77,556.53,566.41,547.46,560.72,421.06,274.78,219.23,137.29,92.68,44.58,29.93,26.33,183.19,523.93,589.62,611.53,624.64,642.09,653.35,222.52
"127",122.58,148.25,166.54,194.64,207.76,229.35,309.77,358.66,428.08,468.87,503.67,526.78,512.77,515.13,556.15,576.21,562.57,437.91,313.53,206.53,124.23,25.81,21.51,158.99,403.16,475.66,503.57,526.7,533.01,553.28,388.56
"128",60.3,76.51,87.83,105.69,131.81,129.12,179.94,218.77,294.08,313.76,367.93,415.49,408.85,406.17,441.98,415.26,275.51,159.59,98.41,32.79,15.97,15.45,11.8,102.32,313.51,398.07,414.82,423.55,442.01,468.81,336.32
"129",96.6,118.02,134.28,165.88,176.29,193.91,265.06,321.07,387.39,424.33,470.98,514.19,504.51,510.42,536.5,455.42,285.72,233.21,134.52,86.86,33.44,20.68,14.17,143.28,444.03,516.44,521.37,517.69,524.88,544.72,405.95
"130",108.92,130.5,139.01,149.25,150.47,164.69,229.37,269.67,294.05,347.41,381.06,438.81,438.48,412.06,448.13,305.12,175.43,144.34,89.24,53.55,37.43,30.44,29.38,174.47,334.49,371.48,398.29,400.29,418.08,438.59,138.6
"131",144.82,180.96,203.25,231.3,233.4,225.3,286.06,299.24,335.91,345.86,339.24,347.05,307.79,292.05,319.65,323.78,292.54,216.4,135.25,92.99,48.24,24.54,21.87,76.48,153.3,209.76,247.59,264.34,278.29,297.3,225.9
"132",117.03,141.77,160.26,181.95,188.92,202.46,266.04,306.86,362.68,405.55,423.87,424.63,391.83,346.37,358.77,352.09,326.35,257.61,163.56,116.76,69.33,42.1,26.15,97.05,210.23,269.11,288.03,282.49,301.5,331.39,264.53
"133",69.27,84.01,92.73,104.23,107.76,121.52,170.61,203.38,256,299.52,347.23,392.51,381.11,334.97,360.9,366.32,310.13,213.64,125.8,88.4,43.78,21.53,12.06,84.53,213.21,297.9,345.85,382.26,409.35,440.87,336.32
"134",156.1,193.82,227.84,267.65,281.86,311.12,419.75,478.45,561.95,619.86,673.02,730.68,707.53,680.64,735.68,715.73,592.34,554.25,379.66,352.31,202.42,75.65,36.92,37.3,98.44,181.42,338.48,439.99,484.17,506.42,246.26
"135",111.77,140.24,155.15,141.47,131.7,126.32,146.99,142.94,137.51,142.12,138.1,138.31,117.93,107.97,109.32,110.32,107.55,125.5,128.73,72.58,38.64,27.88,17.62,70.41,125.48,155.86,187.33,190.23,196.45,214.88,144.51
"136",88.11,99.68,109.3,121.01,129.78,137.81,190.98,231.51,313.83,343.75,389.72,434.18,415.06,378.75,385.23,357.19,263.16,171.1,106.69,67.83,45.34,20.79,15.85,55.54,112.4,164,213.67,238.48,275.86,294.82,265.81
"137",99.06,113.96,124.58,134.08,133.36,142.23,193.05,225.85,261.35,315.11,358.1,399.59,385.27,348.86,383.69,352.7,237.64,157.75,103.46,58.16,26.23,23.24,23.04,87.43,215.27,298.31,351.45,371.45,400.45,425.75,320.19
"138",160.87,200.44,228.65,269.56,288.24,318.54,441.87,503.76,606.42,686.66,737.91,795.9,777.7,724.4,770.89,742.04,636.73,599.27,452.55,385.1,243.91,62.97,30.85,216.39,518.33,629.52,674.55,684.71,704.23,733.22,312.54
"139",91.11,112.28,129.52,149.1,158.5,180.02,249.44,322.63,393.2,434.59,489.55,519.66,504.81,474.6,490.42,447.04,350.23,282.56,210.02,145.31,93.74,25.27,20.89,106.89,251.39,329.82,370.42,406.62,425,441.3,273.11
"140",96.17,121.22,145.67,168.44,184.96,194.37,268.33,320.67,435.81,444.14,495.59,520.16,506.8,487.35,519.77,441.14,305.19,223,137.22,95.64,47.31,21.84,18.95,156.51,388.83,461.2,493.45,499.91,513.62,551.98,414.4
"141",123.17,147.94,162.91,186.48,197.9,219.48,303.78,356.66,423.78,472.73,535.88,603.13,613.02,609.89,630.46,534.1,378.54,345.55,237.3,182.13,132.25,43.22,34.19,290.78,564.52,623.14,643.32,658.46,678.36,723.54,496.74
"142",165.83,199.06,230.01,259.26,266.82,289.51,401.03,462.53,513.1,571.67,629.9,664.72,633.19,622.59,687.17,723.06,709.07,667.75,507.23,421.3,269.09,46.76,29.02,202.19,511.07,638.05,687.81,696.33,687.67,722.81,299.66
"143",79.13,97.41,106.35,136.43,127.1,135.57,182.79,215.46,238.26,271.74,318.73,362.51,349.17,376.33,418.17,442,401.94,290.56,169.6,122.68,56.68,29.95,28.94,112.13,287.17,337.4,395.38,437.45,456.84,498.55,255.96
"144",107.49,112.2,94.29,86.41,72.99,74.08,109.39,119.38,130.27,156.03,178.61,177.24,148.64,139.47,152.73,160.12,143.79,86.75,45.18,25.71,16.71,17.91,14.92,50.18,71.21,90.06,117.43,145.22,144.17,162.98,134.75
"145",67.75,78.35,82.3,61.58,42.42,29.63,46.62,40.77,42.63,49.71,51.64,52.46,36.09,39.12,39.36,39.36,37.58,38.07,38.22,40.53,32.59,39.21,39.42,43.53,43.27,45.61,47.02,47.68,46.68,50.35,56.67
"146",94.09,104.56,111.91,117.89,113.39,124.67,173.06,201.05,213.93,253.04,286.53,332.26,316.1,316.32,337.25,271.21,118.01,56.69,23.97,135.16,278.48,391.68,454.71,427.48,451.25,432.26,430.24,427.02,434.52,465.56,67.49
"147",67.58,81.27,95.6,117.37,114.31,128.02,181.56,222.97,278.23,336.5,384.52,413.54,400.86,382.52,436.53,443.73,335.12,202,111.01,50.7,17.7,15.85,12.16,97.83,282.29,368.62,410.91,440.42,455.81,493.94,274.25
"148",75.93,95.43,101.71,117.87,128.79,128.71,182.41,228.14,259.45,304.29,345.73,377.97,355.46,318.17,332.37,327.8,309.29,273.39,164.27,92.35,44.46,17.68,14.89,58.19,159.41,219.15,260.31,287.46,310.84,336.96,290.4
"149",96.02,106.29,115.48,125.21,130.81,143.7,200.68,231.75,270.31,319.99,357.08,409.14,400.7,368.34,398.91,397.28,295.54,189.55,114.45,77.97,34.56,26.04,24.26,99.8,276.87,386.42,436.13,459.14,487.64,517.73,299.33
"150",201.73,232.77,254.76,278.86,282.84,297.54,392.1,425.39,417.38,522.94,571.91,606.21,595.9,513.71,559.54,564.89,490.6,387.12,294.72,204.16,149.37,40.69,35.74,141.54,390.36,484.95,533.29,568.87,601.21,631.17,205.39
"151",97.92,118.82,132.18,147.78,154.6,163.65,218.49,237.85,259.1,331.37,380.88,409.35,424.45,403.92,450.49,424.33,231.42,129.62,77.56,37.69,22.25,16.71,16.11,58.5,161.31,221.52,269.22,324.27,378.11,442.3,281.88
"152",90.23,111.67,127.96,149.83,159.36,172.37,249.65,297.48,380.36,440.73,503.56,556.51,559.05,530.21,563.68,576.89,494.66,406.61,282.16,197.03,117.85,25.09,19.4,97.58,252,367.53,426.18,452.22,482.5,542.12,365.84
"153",109.83,121.91,126.69,132.07,129.52,140.33,189.49,198.91,230.91,263.46,296.46,328.53,320.03,300.79,274.7,134.23,67.73,37.56,25.11,25.06,71.08,232.84,311.4,312.2,352.37,335.29,340.7,351.04,368.05,387.1,269.98
"154",165.46,201.19,224.26,241.73,240.41,261.34,351.65,385.85,420.58,473.74,505.71,550.88,531.89,522.2,570.58,565.81,491.69,397.67,299.78,225.49,167.07,51.03,25.21,235.32,480.61,547.73,588.41,605.52,639.38,668,179.18
"155",92.25,113.69,131.45,146.69,155.6,170.51,234.56,281.62,346.86,376.25,422.43,474.83,472.76,474.92,532.03,545.48,457.24,349.05,221.19,144.91,84.73,21.79,21.53,172.11,387.92,458.38,498.49,529.84,548.62,572.54,307.78
"156",107.13,130.5,147.07,166.74,175.54,189.65,259.91,304.65,386.42,394.09,429.8,462.8,447.64,449.54,497.21,470.67,363.84,261.99,163.54,113.94,55.08,501.64,NA,16.1,102.48,283.07,405.23,429.24,460.69,494.7,377.48
"157",117.44,138.37,153.57,166.22,171.02,189.63,249.88,285.02,338.73,393.23,437.1,478.32,472.7,443.54,474.23,436.52,260.3,233.7,146.01,96.8,45.08,23.17,20.34,200.57,424.13,479.77,517.46,527.66,558.62,599.4,407.6
"158",166.35,201.47,227.09,263.16,274.54,308.07,418.62,470.72,543.95,619.11,677.37,726.78,733,712.99,775.2,770.54,698.68,615.45,499.16,385.8,267.79,37.07,29.64,291.2,663.14,747.92,785.65,808.17,839.65,892.33,429.21
"159",155.74,187.01,211.11,239.62,250.28,265.1,361.21,404.64,541.84,611.45,672.73,702.86,684.1,658.01,720.68,716.34,656.3,578.66,459.44,352.66,257.42,43.36,30.21,240.36,576.32,683.58,718.96,750.68,768.88,839.89,515.78
"160",126.43,157.27,178.59,210.18,222.13,235.91,331.69,397.65,474.54,506.2,569.07,612.42,615.24,612.88,659.36,566.41,413.97,353.24,241.74,178.74,111.86,23.2,18.9,209.56,498.56,581.74,612.34,624.52,653.51,695.6,507.4
"161",166.63,204.92,237.62,274.72,291.21,325.62,464.15,538.32,654.15,700.02,761.29,820.26,797.55,696.54,754.29,719.12,432.01,369.27,311.17,243.18,169.38,34.58,28.33,258.41,565.42,667.46,722.71,751.77,788.13,848.11,556.93
"162",92.25,104.48,115.77,125.32,123.82,135.21,182,210.66,259.38,289.33,310.55,362.35,354.62,316.14,356.26,371.28,352.41,283.28,165.74,113,51.25,24.99,22.81,80.35,212.64,297.18,339.52,359.87,380.48,421.22,144.4
"163",170.09,203.75,234.56,246.76,257.99,280.6,375.87,414.05,480.72,520.38,549.94,573.48,566.47,547.67,588.77,568.02,420.29,371.1,273.5,244.67,212.27,34.63,24.4,121.85,327.47,462.64,528.36,580.85,590.19,598.11,426.16
"164",156.2,134.11,121.03,115.12,123.97,145.97,183.89,202.83,252.35,294.4,330.46,339.7,307.8,262.94,279.39,278.32,250.1,213.4,154.1,91.31,51.92,19.05,19.24,71.08,110.91,158.88,171.92,183.77,197.69,222.79,189.2
"165",83.38,102.79,107.49,120.18,119.88,128.04,183.31,214.6,263.84,309.87,350,389.17,371.42,326.87,354.32,357.28,346.59,316.47,238.51,200.99,97.75,20.26,15.88,67.11,161.09,262.15,325.58,363.71,409.78,445.28,308.17
"166",165.97,202.25,232.89,266.79,285.46,319.32,449.37,527.33,623.32,720.13,809.42,871.96,892.17,799.47,766.63,554.59,622.04,518.76,479.44,384.86,269.67,34.23,27.54,242.81,618.62,762.57,825.02,841.14,886.17,934.99,309.71
"167",85.38,103.49,114.8,130.87,136.74,149.86,220.2,262.64,327.11,360.28,405.12,406.58,338.53,221.05,202.74,189.7,172.93,174.95,190.85,197.4,169,147.93,109.51,62.73,40.15,105.43,171.03,218.86,252.84,242.75,199.83
"168",110.77,126.57,137.67,157.11,162.32,172,232.78,285.57,328.05,368.23,415.03,455.2,467.36,466.68,510.42,454.75,302.11,208.91,118.62,52.99,12.54,12.7,9.39,127.29,358.83,443.08,474.1,493.76,513.85,545.52,386.82
"169",131.05,157.93,178.79,216.34,223.82,245.67,342.98,408.12,486.68,553.44,636.25,694.42,732.31,681.4,707.52,650.37,532.58,519,388.55,376.12,261.92,85.92,22.82,18.16,134.47,378.08,592.2,710.72,775.54,849.69,536.15
"170",184.01,217.8,238.7,267.4,268.54,295.66,410.21,475.23,543.92,582.57,648.91,706.06,694.6,647.09,708.54,669.78,529.71,546.37,409.53,353.81,233.12,50.49,36.21,278.78,661.36,735.22,769.04,778.83,794.17,664.81,204.96
"171",118.96,130.94,147.54,176.57,183.98,207.19,283.44,339.57,414.77,442.98,512.06,570.63,566.17,597.86,683.76,691.87,593.95,457.19,343.91,230.19,146.5,24.28,21.94,153.35,424.42,568.24,639.29,663.87,681.84,735.28,453.04
"172",129.14,143.66,162.03,181.64,181.22,185.11,225.54,229.79,275.1,307.68,302.8,319.79,309.25,274.38,293.19,297.51,293.75,289.85,190.77,115.75,69.41,25.69,19.79,77.19,155.74,208.55,244.77,269.14,307.56,349.77,265.87
"173",142.02,159.47,175.44,178.7,178.45,172.61,198.17,162.37,159.02,191.42,190.47,188.44,166.12,154.27,175.15,184.47,187.22,196.16,138.86,49.33,20.51,19.56,18.3,74.26,122.16,167.76,202.82,202.86,227.44,240.16,205.74
"174",105.78,135.87,147.62,172.3,182.07,205.34,280.56,340.82,409.72,471,529.52,580.46,580.32,562.73,619.51,646.63,559.37,447.38,302.02,263.1,142.9,43.46,23.5,119.13,270.09,367.27,452.51,522.95,584.28,656.44,195.38
"175",215.83,249.33,266.7,288.35,290.1,310.05,402.39,442.88,535.07,592.61,651.4,671.78,653.5,646.7,660.14,597.58,529.63,501.11,416.77,336.67,218.69,36.75,28.92,245.8,633.43,695.81,723.56,740.9,749.6,800.49,463.05
"176",178.08,211.69,240.69,271.09,276.12,270.04,355.13,412.92,491.66,520.46,559.37,579.47,533.5,490.22,526.31,534.87,466.38,357.83,268.37,177.49,110.19,25.17,19.65,114.99,296.22,417.23,479.5,517.54,546.84,595.64,452.56
"177",164.68,183.67,199.04,213.6,220.82,239.65,322.98,366.91,434.65,468.99,510.81,561.38,568.85,539.69,589.61,585.62,460.82,397.63,261.83,218.94,120.99,61.92,36.92,141.87,329.09,393.72,458.92,531.52,575.89,616.72,425.97
"178",137.56,164.77,163.38,179.72,182.14,200.14,261.58,306.18,337.47,381.76,440.16,503.81,518.11,513.05,569.4,524.02,267.55,287.19,177.12,141.61,78.26,48.14,31.16,111.04,220.48,244.09,317.62,387.95,433.39,479.94,156.56
"179",113.62,135.96,158.74,190.13,193.24,207.3,291.1,337.17,401.94,475.78,532.45,604.26,606.98,563.96,572.94,501.59,334.44,269.13,195.55,146.56,95.81,60,33.79,58.29,65.89,75.1,78.83,79.96,85.93,209.51,182.24
"180",96.06,115.75,129.59,142.52,149.66,164.07,227.19,273.38,346.23,355.76,404.95,452.86,469.41,389.47,458.72,459.6,400.84,289.98,176.41,111.4,58.63,22.77,19.91,108.21,209.07,251.94,292.35,362.65,415.41,463.88,325.47
"181",103.15,91.58,100.58,121.38,109.84,117.74,163.18,183.6,215.3,247.91,271.43,297.66,287.42,262.93,291.56,283.2,138.94,57.79,32.95,26.72,55.47,145.54,232.47,258.8,292.77,300.28,314.88,316.37,342.83,368.52,245.57
"182",190.54,246.62,267.38,280.17,275.18,293.86,388.99,425.79,466.42,487.3,520,532.05,512.06,470.02,495.6,503.8,480,458.8,361.03,248.05,160.36,37.79,31.29,126.76,260.49,337,367.19,394.17,413.64,444.35,239.61
"183",118.5,99.6,72.14,50.99,40.17,51.64,43.12,78.84,51.23,50.01,50.48,42.28,34.25,37.04,43.77,53.2,66.98,88.44,102.8,114.59,117.57,143.78,141.91,64.35,47.81,105.23,116.01,116.01,139.01,122.6,131.62
"184",108.42,135.89,158.36,186.26,204.21,222.92,314,370.95,451.75,475.75,534.4,581.98,555.52,529.65,586.72,550.56,447.15,353.3,259.51,176.3,121.35,23.8,20.59,94.92,256.26,412.04,507.84,559.06,602.96,667.08,492.03
"185",48.86,45.61,45.11,42.08,39.5,35.48,49.36,53.83,74.8,75.18,96.62,69.08,69.84,72.36,86.01,91.79,93.46,102.81,113.38,120.55,115.78,144.94,143.85,61.88,25.21,81.78,111.78,119.52,133.81,138.66,126.28
"186",126.98,136.72,151.42,161.32,162.14,162.1,216.46,237.93,259.71,289.96,307.2,331.83,337.4,303.19,314.92,316.09,293.31,301.33,221.3,149.22,79.68,28.99,24.43,70.71,163.24,219,250.81,260.67,275.7,279.84,123.53
"187",209.5,249.44,275.5,304.02,311.1,337.19,433.25,502.77,587.13,606.01,633.09,669.32,644.16,616.03,643.37,647.49,620.5,594.28,499.46,395.73,279.78,50.72,34.13,130.92,273.46,365.72,426.05,468.03,479.79,505.39,341.67
"188",128.98,154.27,177.21,192.32,202.57,210.44,295.19,340.75,444.27,426.93,476.72,491.14,426.21,392.48,405.71,383.76,353.93,286.52,170.45,115.9,55.8,22.38,22.83,76.77,132.46,172.61,212.76,232.61,246.13,277.19,295.43
"189",171.83,178.85,186.62,190.66,186.85,192.77,240.97,256.26,278.8,304.97,296.07,276.34,237.55,189.57,174.74,176.88,168.5,175.95,179.76,182.19,127.58,146.77,162.53,141.07,155.22,153.64,156.47,164.83,171.74,179.33,160.12
"190",103.69,138.15,159.1,179.34,188.89,213.34,278.79,327.11,378.26,435.41,472.59,510.14,503.28,495.77,539.57,470.36,330.52,246.91,159.1,104.65,52.66,27.93,23.46,149.26,355.98,428.88,459.09,486.85,506.72,544.88,210.17
"191",110.8,148.47,161.59,183.15,197.25,210.09,281.07,338.97,428.76,467.01,506.4,545.05,541.42,546.73,612.56,602.34,552.03,450.74,44.85,31.55,23.96,21.16,18.66,57.01,153.45,228.32,282.16,353.67,411.83,474.63,271.4
"192",58.67,61.08,36.24,55.16,51.45,41.94,51.74,53.16,55.93,59.01,49.86,60.17,46.55,49.34,52.33,NA,NA,146.51,73.46,81.85,61.22,14.89,39.84,71.82,228.67,NA,213.99,14.82,36.02,NA,169.43
"193",149.56,171.44,188.52,204.52,209.47,228.71,276.69,291.67,324.35,322.86,244.88,189.05,158.02,154.17,159.36,176.36,171.78,186.8,198.73,146.4,53.36,34.22,24.81,55.66,111.48,150.88,182.85,196.97,193.38,190.08,185.45
"194",102.85,123.21,142.19,156.96,159.5,175.45,242.84,273.71,301.92,333.73,372.15,423.65,423.14,425.31,468.49,384.89,212.76,168.92,99.64,61.96,40.06,24.13,21.76,95.76,166.98,185.93,228.05,310.85,381.35,421.93,116.92
"195",106.42,126.33,137.16,151.06,142.99,142.23,165.35,147.09,136.51,154.95,151.26,165.19,164.03,148.98,155.95,168.29,174.27,171.52,81.56,34.21,16.22,17.1,15.32,56.26,135.4,162.81,172.32,196.3,196.39,211.6,154.39
"196",78.4,96.8,109.39,123.72,139.53,156.05,228.3,230.38,312.96,324.85,368.92,406.96,392.18,352.45,352.9,338,320.84,245.76,142.24,89.17,38.54,15.75,15.92,63.09,167.97,243.75,277.1,303.9,318.66,341.46,263.62
"197",141.69,168.33,191.54,210.83,223.43,253.18,339.96,385.42,466.01,519.13,573,612.86,614.29,576.8,598.59,508.73,366.34,384.33,267.44,194.43,117.03,27.8,26.97,207.71,468.02,520.61,557.4,565.21,571.43,597.61,434.51
"198",136.54,163.79,184.58,206.4,212.24,232.63,322.69,378.6,482.91,550.99,590.16,612.45,594.6,580.03,603.88,584.54,524.4,436.27,296.4,215.82,123.4,40.05,32.86,129.57,302.14,388.4,435.97,452.35,455.35,483.93,321.08
"199",111.9,136.78,154.61,178.77,192.48,220.95,311.25,359.12,426.36,482.34,530.2,588.7,594.49,594.98,659.7,636.82,545.44,430.91,321.3,229.56,151.38,34.46,27.95,135.59,353.82,493.25,551.33,605.12,614.37,639.24,351.46
"200",84.2,104.69,131.01,143.33,159.54,176.5,259.68,319.76,423.82,413.9,485.44,529.06,501.94,448.62,472.49,458.65,394.9,286.02,175.67,124.75,67.32,14.44,8.89,76.62,179.1,251.48,297.71,329.18,345.32,380.86,325.83
"201",75.03,96.16,97.55,119.88,118.95,131.35,180.69,208.53,228.27,272.43,294.3,329.24,337.09,284.68,182.13,47.94,7.12,152.75,244.92,190.01,48.79,5.73,NA,161.31,260.89,295.41,314.03,326.85,343.57,366.5,77.15
"202",121.89,141.97,157.69,178.44,181.78,197.74,262.4,314.46,392.04,436.23,486.68,527.67,533.27,539.31,577.98,497.04,260.84,260.67,199.24,122.19,54.17,25.65,19.15,146.19,342.13,432.94,482.29,502.88,543.18,585.08,167.41
"203",77.46,94.53,106.23,118.79,124.87,138.8,192.99,221.82,229.99,225.22,157.64,106.01,80.07,85.47,93.65,104.66,101.58,115.26,126.48,121.37,105.45,100,65.12,33.03,93.93,148.75,166.59,172,190.44,199.1,118.6
"204",118.21,147.14,160.95,182.88,192.74,201.23,287.91,320.01,391.05,374.16,377.31,344.24,300.57,280.81,285.58,298.62,292.75,230.95,134.52,89.24,47.04,23.09,21.73,101.29,231.21,291.37,335.45,320.29,332.09,370.13,251.72
"205",117.73,136.21,147.84,164.38,164.61,181.23,243.61,269.02,319.38,353.31,394.09,426.19,421.67,415.11,437.66,284.1,145.15,128.15,82.36,49.12,31.49,26.58,24.63,101.16,228.29,279.25,333.66,401.7,464.33,510.41,298.42
"206",146.6,176.59,197.94,236.26,244.26,270.7,374.09,425.59,508.88,592.36,651.01,696.3,695.1,660.93,721.73,724.78,648.54,591.39,466.45,364.07,243.93,48.88,26.18,140.28,332.56,482.08,576.49,604.76,641.84,669.51,313.96
"207",119.04,147.57,176.11,203.67,224.95,256.89,338.67,396.43,467.35,530.85,593.26,651.2,663.84,675.75,709.37,620.02,402.38,413.45,288.88,221.56,142.88,27.26,22.1,123.37,324.86,457.59,524.56,557.83,574.13,618.37,383.34
"208",145.5,177.25,205.14,224.35,231.91,238,315.84,359.06,443.21,456.11,496.34,519.31,477.4,462.69,453.63,325.11,203.97,159.53,86.4,50.28,29.79,19.26,16.37,88.03,210.21,281.28,321.36,346.67,379.4,409.66,335.49
"209",163.74,196.27,225.51,256.62,271.52,306.47,429.15,489.69,600.89,675.85,739.18,775.23,765.08,708.4,723.92,648.63,580.14,544.7,464.35,383.87,241.39,73.15,21.92,23.24,107.99,255.92,438.87,565.18,613.94,685.79,507.16
"210",73.94,84.35,86.37,92.71,93.77,101.8,140.75,166.26,208.97,240.06,288.74,335.66,346.15,342.25,364.13,281.74,142.53,104.55,92,23.1,121.57,301.76,399.9,429.63,454.24,444.31,460.8,454.09,468.07,514.03,130.48
"211",113.32,136.06,148.33,169.35,174.48,194.08,258.61,341.7,417.13,422.4,464.52,497.89,476.9,459.7,461.88,391.86,273.89,195.57,130,87.2,42.71,19.6,15.43,77.12,222.56,279.36,309.42,334.66,372.65,377.14,240.98
"212",96.77,123.15,139.37,155.9,165.99,180.43,254.49,310.96,401.09,430.84,489.32,525.92,525.83,513.1,541.88,424.09,286.78,213.11,136.47,90.52,40.54,15.55,11.6,112.38,273.86,358.26,388.98,407.34,434.27,460.74,409.61
"213",59.19,64.82,67.79,72.59,72.07,75.3,106.18,124.64,152.08,197.84,232.68,271.13,286.8,292.76,317.35,330.44,293.93,126.04,25.9,14.34,79.73,262.65,355.52,377.47,449.79,461.58,480.92,492.28,524.36,573.05,336.66
"214",95.16,118.79,132.02,150.91,165.58,180.02,249.41,300.04,349.7,396.65,446.57,495.75,513.6,507.38,547.41,486.81,326.68,260.01,167.69,124.41,88.63,31.01,21.11,242.02,504.04,541.98,568.65,616.84,653.36,688.57,152.99
"215",95.11,114.93,133.31,158.88,154.84,171.95,244.1,302.7,385.35,401.93,465.24,516.56,487.8,457,91.93,27.33,19.93,19.06,19.8,32.46,21.33,19.37,17.79,32.13,64.55,70.71,97.13,138.05,172.12,200.43,171.46
"216",NA,NA,NA,NA,NA,NA,32837.32,NA,NA,NA,NA,NA,NA,NA,NA,NA,NA,NA,NA,NA,NA,NA,NA,NA,NA,NA,NA,NA,NA,NA,NA
"217",78.93,94.96,103.62,130,148.64,152.69,213.35,269.42,343.25,402.7,494.76,575.48,613.8,615.64,549.9,399.89,309.01,255.29,175.01,107.38,52.5,19.01,15.23,241.87,549.39,610.63,646.58,685.31,719.51,754.07,482.12
"218",177.1,211.75,235.88,253.64,264.63,287.03,386.96,436.05,498.6,562.32,616.48,641.48,619.92,608.24,666.71,702.74,683.49,621.55,489.11,396.66,270.73,42.51,31.84,261.28,576.98,647.27,676.68,680.66,704.78,747.74,416.42
"219",124.73,159.48,170.86,194.47,206.45,229.21,308.93,370.88,446.73,511.61,571.14,603.27,588.57,548.33,578.74,575.35,485.7,373.1,278.69,194.14,120.88,23.27,20.85,180.26,398.73,465,501.39,532.1,544.07,590.49,355.68
"220",144.67,180.16,197.88,218.67,224.63,236.16,326.36,380.55,489.27,500.07,536.94,559.02,520.59,487.75,516.79,518.13,490.92,425.29,294.54,208.67,127.87,28.68,21.75,128.9,240.88,311.04,359.49,390.72,427.36,451.69,380.97
"221",87.23,104.93,116.91,131.04,137.64,154.9,226.21,282.58,348.93,421.61,491.83,556.79,582.03,449.75,535.11,440.02,300.46,232.2,153.59,114.42,58.19,21.23,15.96,110.81,151.93,135.84,140.77,149.75,178.13,190.1,262.77
